Project_ID,Project_Type,State,Latitude,Longitude,Terrain,Base_Cost_Cr,Steel_Price_Index,Cement_Price_Index,Labour_Wage_RsPerDay,Regulatory_Delay_months,Historical_Delay_Count,Avg_Annual_Rainfall_cm,Vendor_Reliability,Material_Availability_Index,Demand_Supply_Pressure,Skilled_Manpower_pct,Delay_months,Overrun_pct,Total_Cost_Cr,Planned_Timeline_months,Timeline_months
PG4000,Underground Cable,Tamil Nadu,11.522594454611031,78.04527906113944,Urban,1908.0,133,107,376,5,4,119.6,0.63,0.71,Medium,75,8,-5.0,1812.6,38,46
PG4001,Substation,Rajasthan,27.212978891708666,73.77637440474055,Urban,1272.0,133,135,443,4,3,35.4,0.83,0.8,Low,55,0,4.8,1333.06,25,25
PG4002,Overhead Line,Karnataka,15.27751035751086,76.97111802788619,Desert,900.0,139,124,424,6,3,88.0,0.88,0.88,Medium,68,49,9.8,988.2,18,67
PG4003,Underground Cable,Karnataka,15.791749766435888,75.75993455000703,Mountainous,2016.0,134,108,474,12,3,101.1,0.81,0.84,High,67,16,27.7,2574.43,40,56
PG4004,Underground Cable,Uttarakhand,31.110843452913812,78.54794504983423,Plains,1980.0,144,126,438,4,5,164.8,0.8,0.82,Medium,71,11,2.0,2019.6,40,51
PG4005,Overhead Line,Delhi,27.499217823526084,77.39818600660881,Hilly,1008.0,136,129,483,7,2,80.3,0.77,1.0,Low,46,0,6.0,1068.48,20,20
PG4006,Substation,Maharashtra,20.00590893528045,75.48324344667738,Mountainous,1344.0,153,119,453,7,6,80.8,0.65,0.79,Low,72,17,28.9,1732.42,27,44
PG4007,Underground Cable,Maharashtra,19.916466972482333,75.28778983698484,Coastal,1800.0,153,130,521,4,3,84.9,0.57,0.83,Medium,76,10,31.2,2361.6,36,46
PG4008,Underground Cable,Maharashtra,19.368692605806604,75.5762167186908,Mountainous,2016.0,146,114,443,10,1,99.0,0.66,0.82,Low,65,3,28.3,2586.53,40,43
PG4009,Substation,Assam,25.80547803846485,93.1231836484196,Urban,1399.2,128,121,458,10,5,205.8,0.86,0.81,Medium,80,2,1.8,1424.39,28,30
PG4010,Underground Cable,Maharashtra,20.18819399208348,76.02752293193133,Coastal,1800.0,150,120,503,3,5,92.4,0.7,0.74,Low,83,5,15.0,2070.0,36,41
PG4011,Substation,Maharashtra,18.998386832444236,75.8343982078066,Mountainous,1344.0,135,110,445,12,7,72.8,0.66,0.85,High,61,0,24.0,1666.56,27,27
PG4012,Substation,Delhi,28.842182839383295,77.6790554201908,Urban,1272.0,154,117,486,4,1,85.2,0.79,0.71,Medium,79,87,20.0,1526.4,25,112
PG4013,Overhead Line,Assam,26.642812470863937,92.97507215520658,Coastal,990.0,137,115,438,2,3,190.3,0.72,0.81,Low,60,11,11.0,1098.9,20,31
PG4014,Overhead Line,Maharashtra,19.3049014561263,76.92850776840372,Plains,900.0,147,109,466,2,6,79.8,0.74,0.8,Medium,77,7,2.8,925.2,18,25
PG4015,Overhead Line,Delhi,28.971063141032314,78.06537785691388,Plains,900.0,136,114,538,3,2,84.7,0.9,0.7,High,59,23,2.2,919.8,18,41
PG4016,Overhead Line,Maharashtra,20.05814551020406,76.6129369824131,Desert,900.0,141,117,482,3,6,100.3,0.92,0.54,Medium,60,55,31.2,1180.8,18,73
PG4017,Underground Cable,Tamil Nadu,11.624780852916707,79.45818269489293,Desert,1800.0,135,122,411,1,2,141.8,1.0,0.8,Low,65,51,16.9,2104.2,36,87
PG4018,Overhead Line,Delhi,27.81075505164859,77.311310050844,Urban,954.0,138,121,414,5,1,81.9,0.95,0.82,Medium,47,16,0.4,957.82,19,35
PG4019,Overhead Line,Rajasthan,27.85006777910482,74.08136419161326,Mountainous,1008.0,140,131,443,8,3,31.1,0.93,0.77,Low,71,21,2.8,1036.22,20,41
PG4020,Overhead Line,Delhi,28.684215034179175,77.65000594271554,Mountainous,1008.0,133,118,452,8,4,92.9,0.74,0.99,High,79,19,12.3,1131.98,20,39
PG4021,Substation,Karnataka,15.81399406759501,75.83198378108406,Desert,1200.0,146,124,409,3,3,104.1,0.65,0.81,Medium,78,6,13.8,1365.6,24,30
PG4022,Overhead Line,Karnataka,15.377471409200604,74.25759566813049,Mountainous,1008.0,149,125,486,10,1,72.6,0.74,0.76,High,66,67,34.5,1355.76,20,87
PG4023,Substation,Karnataka,15.232137985675953,75.99175316363457,Urban,1272.0,140,124,382,5,5,105.1,0.61,0.62,Medium,56,16,17.1,1489.51,25,41
PG4024,Overhead Line,Rajasthan,26.367192474930416,74.52197387340532,Urban,954.0,144,117,470,3,4,25.7,0.65,0.9,Medium,49,14,30.6,1245.92,19,33
PG4025,Underground Cable,Rajasthan,27.097072341267975,74.6926752054388,Mountainous,2016.0,140,113,495,6,2,27.8,0.72,0.81,Medium,63,89,5.3,2122.85,40,129
PG4026,Underground Cable,Maharashtra,21.317084400297603,76.31815248241061,Urban,1908.0,141,130,480,3,4,105.7,0.86,0.82,Low,82,16,11.6,2129.33,38,54
PG4027,Substation,Karnataka,15.14848741996812,75.88347452564365,Desert,1200.0,145,125,445,4,3,73.0,0.87,0.63,Low,75,7,1.9,1222.8,24,31
PG4028,Overhead Line,Gujarat,22.83888569764943,71.57816186123699,Hilly,1008.0,138,126,343,8,2,64.7,0.65,0.7,High,68,5,20.9,1218.67,20,25
PG4029,Substation,Assam,26.592926354142087,92.70601223726251,Desert,1320.0,143,116,374,3,7,241.4,0.84,0.79,Medium,88,8,22.3,1614.36,26,34
PG4030,Substation,Assam,25.737248164439407,92.79345134942207,Coastal,1320.0,150,123,350,6,5,212.9,0.81,0.61,High,68,21,13.8,1502.16,26,47
PG4031,Substation,Gujarat,22.66786294727157,71.65513567107394,Urban,1272.0,145,111,426,3,2,59.5,1.0,0.85,High,66,4,5.3,1339.42,25,29
PG4032,Underground Cable,Uttarakhand,29.561901942904914,79.36848867447999,Coastal,1980.0,134,116,422,4,6,186.1,0.75,0.82,Medium,52,17,17.4,2324.52,40,57
PG4033,Substation,Delhi,29.315303750121366,77.552432451575,Mountainous,1344.0,140,118,508,7,5,88.7,0.44,0.61,Low,79,49,37.4,1846.66,27,76
PG4034,Overhead Line,Tamil Nadu,11.955766958506489,78.20952202624669,Hilly,1008.0,139,116,428,8,5,109.7,0.93,0.73,Low,82,76,2.7,1035.22,20,96
PG4035,Underground Cable,Gujarat,22.06296350841147,70.44643925835858,Urban,1908.0,144,119,475,2,6,69.8,0.97,0.73,Medium,79,49,10.6,2110.25,38,87
PG4036,Overhead Line,Assam,25.9029632438581,93.04229722069289,Mountainous,1108.8,148,114,403,13,4,206.4,0.81,0.79,Medium,53,14,20.0,1330.56,22,36
PG4037,Underground Cable,Gujarat,22.878653618996893,71.48496259592704,Coastal,1800.0,137,108,428,6,5,63.3,0.82,0.77,Medium,48,80,9.6,1972.8,36,116
PG4038,Substation,Maharashtra,20.435145627423697,75.25426439013226,Desert,1200.0,151,108,498,4,0,100.6,0.96,0.71,Medium,82,6,12.1,1345.2,24,30
PG4039,Substation,Maharashtra,19.66796606639958,74.91015932844914,Coastal,1200.0,126,124,451,5,6,87.9,0.87,0.86,Medium,67,45,-2.7,1167.6,24,69
PG4040,Overhead Line,Rajasthan,27.085141534447157,74.28297177397003,Plains,900.0,158,121,440,7,3,30.9,0.66,0.74,Medium,75,9,20.5,1084.5,18,27
PG4041,Underground Cable,Assam,26.60515150850278,93.14421790145417,Mountainous,2217.6,123,127,465,9,6,236.9,0.97,0.87,Medium,65,23,21.2,2687.73,44,67
PG4042,Underground Cable,Gujarat,22.287513758301422,71.2092438215227,Plains,1800.0,145,123,326,3,4,57.2,0.71,0.7,Medium,73,7,9.0,1962.0,36,43
PG4043,Overhead Line,Karnataka,15.575014973583722,75.53867557879,Coastal,900.0,131,122,495,5,2,93.0,0.73,0.65,Medium,78,47,7.6,968.4,18,65
PG4044,Underground Cable,Tamil Nadu,12.000671366601626,78.7418892332454,Coastal,1800.0,145,121,459,5,4,138.6,0.7,0.7,Medium,83,16,20.7,2172.6,36,52
PG4045,Substation,Assam,26.46605155717031,93.19451163556155,Mountainous,1478.4,140,123,433,10,6,205.7,0.79,0.89,Low,61,9,27.4,1883.48,30,39
PG4046,Underground Cable,Delhi,29.21370942422833,77.49544514051114,Hilly,2016.0,140,130,500,9,2,81.9,0.88,0.61,High,71,23,21.4,2447.42,40,63
PG4047,Overhead Line,Maharashtra,19.512507384033167,75.42677704406579,Coastal,900.0,127,120,463,4,3,96.5,0.56,0.88,Low,88,4,17.4,1056.6,18,22
PG4048,Overhead Line,Uttarakhand,29.246927285494436,79.47491712531186,Plains,990.0,131,119,358,3,2,148.2,0.87,0.73,High,72,5,26.2,1249.38,20,25
PG4049,Underground Cable,Tamil Nadu,11.191495031974437,78.28047661577993,Mountainous,2016.0,134,124,411,8,1,114.8,0.73,0.68,Medium,43,1,22.4,2467.58,40,41
PG4050,Underground Cable,Delhi,29.187345310990302,77.20919787833382,Desert,1800.0,149,116,449,6,5,86.9,0.85,0.55,Medium,55,12,17.5,2115.0,36,48
PG4051,Overhead Line,Delhi,28.39840378426355,77.45401390957088,Hilly,1008.0,145,131,474,6,1,82.1,0.77,0.59,Medium,66,8,17.5,1184.4,20,28
PG4052,Overhead Line,Tamil Nadu,11.216533406498371,78.58998041977712,Urban,954.0,146,125,448,7,4,124.2,0.86,0.72,Medium,95,54,11.1,1059.89,19,73
PG4053,Overhead Line,Delhi,27.895750511437825,76.57632653300078,Plains,900.0,135,119,549,3,5,89.0,0.72,0.85,High,87,2,20.8,1087.2,18,20
PG4054,Overhead Line,Maharashtra,20.07547167220254,75.46120337954316,Desert,900.0,136,115,461,9,1,81.9,0.72,0.79,High,79,72,21.0,1089.0,18,90
PG4055,Substation,Rajasthan,26.870082660349155,73.79167250931906,Mountainous,1344.0,135,124,437,8,2,24.2,0.93,0.52,Medium,75,28,26.0,1693.44,27,55
PG4056,Underground Cable,Maharashtra,19.516870085126644,75.37389506944648,Plains,1800.0,129,114,484,2,4,81.0,0.82,0.75,Low,64,20,34.5,2421.0,36,56
PG4057,Substation,Gujarat,22.918079621114533,70.83874464527847,Mountainous,1344.0,142,129,490,10,4,59.6,0.66,0.97,Medium,80,2,8.8,1462.27,27,29
PG4058,Underground Cable,Gujarat,21.57818610189588,71.61389088235289,Mountainous,2016.0,125,123,374,7,5,56.0,0.82,0.98,Medium,62,11,16.6,2350.66,40,51
PG4059,Underground Cable,Rajasthan,27.339028913076987,74.9783902857619,Desert,1800.0,143,117,392,3,7,27.4,0.83,0.85,High,48,20,30.4,2347.2,36,56
PG4060,Substation,Karnataka,15.330393896013696,76.51218317308648,Desert,1200.0,137,126,429,7,6,78.5,0.98,0.63,High,64,10,14.4,1372.8,24,34
PG4061,Underground Cable,Karnataka,15.619625048402817,75.3344721384555,Desert,1800.0,147,125,468,2,4,74.6,0.88,0.61,Low,85,3,7.3,1931.4,36,39
PG4062,Underground Cable,Gujarat,21.518153708156454,70.45546461868702,Plains,1800.0,142,128,473,5,4,74.8,0.75,1.0,High,78,60,2.9,1852.2,36,96
PG4063,Underground Cable,Uttarakhand,29.913665176282393,79.69159439522225,Plains,1980.0,133,116,358,5,7,138.5,0.6,0.92,High,60,10,13.3,2243.34,40,50
PG4064,Underground Cable,Uttarakhand,30.36542109118108,79.64759781375766,Hilly,2217.6,131,117,439,11,5,201.9,0.65,0.48,Medium,76,4,3.3,2290.78,44,48
PG4065,Substation,Tamil Nadu,11.422453970115324,78.69373261100532,Urban,1272.0,133,129,430,4,2,114.0,0.78,0.79,Low,75,17,14.9,1461.53,25,42
PG4066,Substation,Uttarakhand,30.693365704960527,78.92887669834158,Plains,1320.0,153,118,376,3,5,140.7,0.65,0.7,High,64,12,16.0,1531.2,26,38
PG4067,Overhead Line,Karnataka,14.296251681981367,76.1579044605845,Urban,954.0,152,118,481,4,5,80.9,0.74,0.92,Medium,64,8,4.8,999.79,19,27
PG4068,Substation,Assam,26.086710709196197,93.6428890903179,Plains,1320.0,135,113,439,8,4,257.0,0.8,0.97,High,78,5,16.7,1540.44,26,31
PG4069,Underground Cable,Assam,26.64754770941473,93.38898740226615,Urban,2098.8,157,121,470,7,4,239.9,0.8,0.75,Medium,62,7,5.5,2214.23,42,49
PG4070,Overhead Line,Karnataka,15.560354366280247,76.48119121177126,Coastal,900.0,147,118,499,2,2,102.4,0.89,0.9,Low,59,15,8.4,975.6,18,33
PG4071,Overhead Line,Maharashtra,19.519263269770327,75.70500401886561,Plains,900.0,128,122,482,5,2,92.4,0.9,0.76,High,61,19,-3.7,866.7,18,37
PG4072,Substation,Maharashtra,19.861069572099993,76.26258957156786,Hilly,1344.0,144,129,507,5,6,73.6,0.73,0.88,Medium,78,77,6.7,1434.05,27,104
PG4073,Underground Cable,Assam,26.09575315673401,93.23676676221474,Mountainous,2217.6,136,117,415,7,7,201.0,0.64,0.76,Low,66,7,22.0,2705.47,44,51
PG4074,Underground Cable,Gujarat,22.70256801852311,70.37525005193672,Coastal,1800.0,141,119,394,7,8,78.2,0.77,0.9,Medium,72,16,14.3,2057.4,36,52
PG4075,Overhead Line,Karnataka,15.374726334451193,76.51620099627017,Hilly,1008.0,135,124,439,9,1,103.7,0.86,0.65,Medium,76,9,25.9,1269.07,20,29
PG4076,Overhead Line,Karnataka,14.498079209207237,76.12449720807143,Desert,900.0,140,119,477,2,5,107.1,0.65,0.82,Low,58,2,7.3,965.7,18,20
PG4077,Overhead Line,Assam,25.385489730701966,93.73410942479954,Urban,1049.4,136,126,362,3,7,198.7,0.5,0.76,Low,67,22,6.6,1118.66,21,43
PG4078,Underground Cable,Karnataka,16.130376485258658,75.703024949309,Coastal,1800.0,143,110,467,3,1,72.5,0.72,0.88,Low,52,105,28.2,2307.6,36,141
PG4079,Overhead Line,Assam,26.701678090137026,93.44674948884779,Hilly,1108.8,130,126,436,13,5,258.9,0.75,0.49,Low,79,9,21.2,1343.87,22,31
PG4080,Substation,Rajasthan,27.495435200997296,73.95229290440443,Plains,1200.0,140,120,455,4,4,27.0,0.83,0.78,High,74,5,32.2,1586.4,24,29
PG4081,Overhead Line,Uttarakhand,30.058828393223298,79.83575836014454,Desert,990.0,131,121,466,1,3,186.9,0.87,0.87,High,63,5,17.9,1167.21,20,25
PG4082,Overhead Line,Delhi,29.2885455133539,77.12501352680488,Coastal,900.0,129,119,440,2,3,88.0,0.71,0.73,Low,74,9,1.4,912.6,18,27
PG4083,Overhead Line,Assam,26.35477528661322,93.15441465864949,Hilly,1108.8,133,115,421,9,6,204.1,0.96,0.72,Medium,63,48,18.3,1311.71,22,70
PG4084,Substation,Karnataka,15.516220684011147,75.6112947510601,Hilly,1344.0,150,120,485,10,2,88.7,0.72,0.61,High,55,24,20.6,1620.86,27,51
PG4085,Overhead Line,Assam,26.299394535551862,92.6077914995922,Urban,1049.4,138,118,406,4,3,255.3,0.8,0.9,Medium,69,98,11.8,1173.23,21,119
PG4086,Overhead Line,Delhi,28.889279555599238,77.10226012096778,Desert,900.0,140,123,456,3,4,76.6,1.0,0.88,Low,77,53,-5.0,855.0,18,71
PG4087,Underground Cable,Karnataka,15.901406250358795,75.43364195028104,Plains,1800.0,143,129,423,1,4,83.3,0.94,0.89,High,71,6,-5.0,1710.0,36,42
PG4088,Substation,Karnataka,15.374832765656235,76.04313427807303,Urban,1272.0,145,122,394,1,2,105.9,0.92,0.81,Low,75,35,4.9,1334.33,25,60
PG4089,Substation,Gujarat,22.281131075902227,69.95347710930038,Hilly,1344.0,141,131,420,9,6,64.2,0.92,0.85,Medium,59,7,25.6,1688.06,27,34
PG4090,Underground Cable,Uttarakhand,30.50434675544346,79.43105042068251,Hilly,2217.6,131,114,466,8,4,145.4,0.59,1.0,Medium,73,15,22.9,2725.43,44,59
PG4091,Underground Cable,Maharashtra,19.288649053513073,76.26471202843828,Mountainous,2016.0,144,110,485,9,6,72.5,0.9,0.77,Low,74,14,23.5,2489.76,40,54
PG4092,Underground Cable,Karnataka,14.150583917628056,76.07414420918174,Mountainous,2016.0,134,124,427,11,5,87.9,0.6,0.86,Low,52,80,19.4,2407.1,40,120
PG4093,Overhead Line,Rajasthan,26.769735914236943,75.19479000619917,Mountainous,1008.0,148,126,464,11,1,35.8,0.68,0.98,Low,75,110,19.1,1200.53,20,130
PG4094,Substation,Tamil Nadu,10.435371741997354,78.52956250308816,Plains,1200.0,124,117,463,7,8,132.3,0.96,0.99,Medium,64,60,3.5,1242.0,24,84
PG4095,Overhead Line,Gujarat,23.0439408880411,70.64774992914536,Hilly,1008.0,130,121,432,12,1,77.0,0.67,0.74,High,82,72,26.6,1276.13,20,92
PG4096,Overhead Line,Delhi,28.785653528861268,77.74484719115198,Coastal,900.0,152,127,535,6,4,81.2,0.52,0.6,High,76,38,5.6,950.4,18,56
PG4097,Substation,Karnataka,15.180787934277285,76.37549000616814,Urban,1272.0,141,119,508,0,4,101.8,0.74,0.76,High,56,12,28.1,1629.43,25,37
PG4098,Overhead Line,Maharashtra,19.975134438007895,75.80227151661855,Plains,900.0,141,122,489,1,2,105.0,0.66,0.7,Low,44,0,7.9,971.1,18,18
PG4099,Underground Cable,Uttarakhand,30.08537650269776,79.64371232150154,Hilly,2217.6,126,121,505,7,7,175.0,0.81,0.81,Medium,74,9,25.9,2791.96,44,53
PG4100,Overhead Line,Rajasthan,26.625678165763397,74.64472517599499,Desert,900.0,156,125,407,4,1,28.2,0.5,0.85,Medium,72,44,23.9,1115.1,18,62
PG4101,Overhead Line,Rajasthan,27.180224484739888,73.49271352758758,Mountainous,1008.0,139,124,422,6,1,33.9,0.81,0.86,High,60,3,21.6,1225.73,20,23
PG4102,Overhead Line,Delhi,28.539115574121247,76.67896517037214,Hilly,1008.0,144,131,489,11,2,71.5,0.86,0.58,Medium,56,15,32.3,1333.58,20,35
PG4103,Overhead Line,Tamil Nadu,10.805290246828022,78.56406977019486,Desert,900.0,145,126,381,3,1,100.9,0.54,0.67,High,92,22,11.3,1001.7,18,40
PG4104,Underground Cable,Karnataka,15.374158703451394,76.62159472334102,Mountainous,2016.0,134,121,442,8,3,87.7,0.91,0.92,High,72,3,8.3,2183.33,40,43
PG4105,Underground Cable,Assam,26.94523134898013,93.27307799739313,Mountainous,2217.6,146,115,455,9,6,230.0,0.6,0.57,Medium,69,30,24.9,2769.78,44,74
PG4106,Underground Cable,Tamil Nadu,10.607528259502574,79.34423540030626,Desert,1800.0,151,112,447,3,2,133.9,0.92,0.65,Medium,60,21,16.1,2089.8,36,57
PG4107,Overhead Line,Maharashtra,18.732196100870134,76.06650957698714,Coastal,900.0,139,119,404,2,1,107.4,0.64,0.82,Low,73,87,24.8,1123.2,18,105
PG4108,Underground Cable,Rajasthan,26.716275403183335,75.06019797071866,Desert,1800.0,148,119,394,3,9,30.4,0.62,0.77,Medium,69,117,31.8,2372.4,36,153
PG4109,Substation,Maharashtra,20.106592475317214,76.13863933086147,Mountainous,1344.0,135,117,481,8,0,83.7,0.79,0.91,Medium,72,22,17.4,1577.86,27,49
PG4110,Underground Cable,Karnataka,15.136414817037632,76.030516656796,Urban,1908.0,144,128,425,4,1,84.2,0.75,0.71,High,57,12,7.9,2058.73,38,50
PG4111,Overhead Line,Uttarakhand,30.25610008471431,77.87611880799294,Coastal,990.0,149,119,473,7,10,166.1,0.73,0.76,Low,66,3,18.4,1172.16,20,23
PG4112,Underground Cable,Tamil Nadu,10.466456723641658,78.32047581554117,Plains,1800.0,156,112,369,6,2,107.9,0.88,0.6,Medium,71,0,2.1,1837.8,36,36
PG4113,Substation,Maharashtra,19.703846078583123,76.61533313988393,Mountainous,1344.0,139,116,365,7,4,87.5,0.66,0.9,High,65,14,7.3,1442.11,27,41
PG4114,Overhead Line,Assam,26.152932746100966,93.0274387378983,Desert,990.0,139,126,403,5,4,189.6,0.7,0.83,Medium,56,19,32.2,1308.78,20,39
PG4115,Substation,Maharashtra,19.744929856675498,77.18261210180341,Plains,1200.0,134,127,412,4,2,107.9,0.79,0.91,High,75,39,19.5,1434.0,24,63
PG4116,Underground Cable,Uttarakhand,29.46109089733383,79.23919936558438,Urban,2098.8,152,116,408,6,6,198.1,0.88,0.72,Medium,73,5,4.0,2182.75,42,47
PG4117,Overhead Line,Maharashtra,19.371384507862192,75.72118275283894,Coastal,900.0,145,116,445,6,1,98.4,0.82,0.9,High,75,58,20.7,1086.3,18,76
PG4118,Substation,Maharashtra,19.976819020325294,75.21302238170482,Desert,1200.0,153,118,418,3,1,91.3,0.93,0.67,High,75,18,14.7,1376.4,24,42
PG4119,Underground Cable,Delhi,28.712142401333445,77.6097775451045,Plains,1800.0,144,130,501,2,5,65.9,0.77,0.63,Medium,76,96,9.2,1965.6,36,132
PG4120,Substation,Maharashtra,19.81509233569697,76.3124804174037,Mountainous,1344.0,128,120,458,9,1,106.6,0.75,0.85,High,71,4,12.4,1510.66,27,31
PG4121,Substation,Gujarat,22.561529209141867,71.56992914840501,Coastal,1200.0,137,99,450,2,2,80.3,0.75,0.61,High,80,0,30.2,1562.4,24,24
PG4122,Overhead Line,Rajasthan,27.41058768912847,74.63332463837138,Coastal,900.0,139,122,425,3,1,26.3,0.74,0.7,Medium,62,6,13.4,1020.6,18,24
PG4123,Underground Cable,Gujarat,21.798593165782865,71.62601786816657,Mountainous,2016.0,130,114,413,9,2,58.3,0.76,0.89,Low,75,67,26.1,2542.18,40,107
PG4124,Overhead Line,Delhi,28.602573783120263,77.87009107843708,Plains,900.0,134,129,509,7,3,66.5,0.69,0.9,Low,62,70,8.3,974.7,18,88
PG4125,Substation,Rajasthan,27.38639958746428,73.7649456442947,Hilly,1344.0,141,131,441,14,2,31.7,0.82,0.82,High,58,40,27.7,1716.29,27,67
PG4126,Substation,Maharashtra,19.942583493139825,75.30547415711544,Mountainous,1344.0,138,119,409,12,2,92.8,0.67,0.83,Low,38,13,6.4,1430.02,27,40
PG4127,Underground Cable,Tamil Nadu,10.778672774520698,78.08202593055222,Desert,1800.0,138,114,450,3,3,125.4,0.79,0.96,High,55,16,14.2,2055.6,36,52
PG4128,Underground Cable,Uttarakhand,29.596886519601842,79.43067157761416,Plains,1980.0,132,122,366,4,8,154.6,0.77,0.75,Medium,86,52,14.7,2271.06,40,92
PG4129,Underground Cable,Assam,26.125564191532124,92.94536311620824,Desert,1980.0,137,121,375,3,3,261.2,0.8,0.87,Medium,83,23,0.4,1987.92,40,63
PG4130,Underground Cable,Gujarat,21.713539616630968,71.54340845063781,Coastal,1800.0,139,125,371,4,4,58.5,0.73,0.64,Low,61,3,10.1,1981.8,36,39
PG4131,Overhead Line,Rajasthan,27.456836289105215,74.12328583294425,Mountainous,1008.0,140,114,384,9,4,34.3,0.8,0.81,High,55,30,9.1,1099.73,20,50
PG4132,Overhead Line,Rajasthan,26.409476690910363,73.99574937048268,Hilly,1008.0,151,125,405,7,6,31.5,0.74,0.4,Medium,68,18,45.5,1466.64,20,38
PG4133,Underground Cable,Uttarakhand,29.703017582014965,79.37193597043205,Plains,1980.0,129,115,505,1,6,143.2,0.93,0.77,High,59,4,13.0,2237.4,40,44
PG4134,Substation,Uttarakhand,29.894632116002985,79.16649564091375,Hilly,1478.4,137,126,384,12,4,191.4,0.68,0.82,Low,51,6,15.8,1711.99,30,36
PG4135,Overhead Line,Maharashtra,20.09687614595631,75.61677877875029,Coastal,900.0,140,124,433,5,2,80.9,0.84,0.91,Medium,72,11,-2.5,877.5,18,29
PG4136,Overhead Line,Uttarakhand,30.47619171026991,79.0261572564552,Plains,990.0,130,107,342,4,5,203.5,0.72,0.73,Medium,65,1,7.9,1068.21,20,21
PG4137,Underground Cable,Delhi,28.466571353807225,76.65942902707226,Urban,1908.0,148,110,485,4,4,67.8,0.57,0.66,Medium,69,17,11.3,2123.6,38,55
PG4138,Overhead Line,Delhi,28.607868040901064,76.42008960989644,Hilly,1008.0,139,124,430,9,2,75.4,0.62,0.8,High,49,37,27.5,1285.2,20,57
PG4139,Overhead Line,Delhi,28.5545558018706,77.12619465374596,Plains,900.0,135,120,461,2,5,65.4,0.59,0.76,Low,81,30,38.4,1245.6,18,48
PG4140,Underground Cable,Rajasthan,27.86477919155165,74.49833062298278,Plains,1800.0,142,123,433,5,4,25.1,0.68,0.41,Medium,62,9,17.2,2109.6,36,45
PG4141,Overhead Line,Tamil Nadu,11.94957377219026,79.4018973335254,Coastal,900.0,146,118,403,4,3,96.8,0.79,0.74,Low,59,35,9.6,986.4,18,53
PG4142,Substation,Uttarakhand,29.309180889018098,79.4844366759199,Mountainous,1478.4,141,122,449,15,7,157.9,0.91,0.72,Low,65,3,8.7,1607.02,30,33
PG4143,Underground Cable,Assam,26.840815215515892,92.37544133722389,Plains,1980.0,132,113,314,6,3,218.8,0.67,0.73,Medium,89,11,15.2,2280.96,40,51
PG4144,Underground Cable,Karnataka,14.836319000084856,75.19314880628723,Mountainous,2016.0,122,125,504,13,5,101.2,0.48,0.91,Medium,72,42,22.5,2469.6,40,82
PG4145,Underground Cable,Karnataka,15.579865135020302,76.81536809495186,Urban,1908.0,136,125,488,2,5,97.2,0.65,0.69,Medium,83,83,25.7,2398.36,38,121
PG4146,Underground Cable,Rajasthan,27.331350903379086,73.32040644665881,Coastal,1800.0,136,131,396,6,4,35.5,0.76,0.92,Medium,70,10,9.7,1974.6,36,46
PG4147,Underground Cable,Gujarat,22.858145414112943,70.87311854215577,Mountainous,2016.0,125,117,417,13,5,70.4,0.86,0.75,Low,60,9,15.6,2330.5,40,49
PG4148,Underground Cable,Uttarakhand,30.675600422745557,77.92229072381274,Desert,1980.0,159,111,439,1,5,156.5,0.8,0.9,Low,66,12,1.0,1999.8,40,52
PG4149,Underground Cable,Uttarakhand,30.12941687145795,78.2724571585578,Desert,1980.0,136,123,472,4,5,147.7,0.65,0.46,Medium,84,17,15.1,2278.98,40,57
PG4150,Substation,Karnataka,15.548019824119631,75.90593586754477,Urban,1272.0,145,128,449,2,6,99.5,0.77,0.78,Low,94,21,14.8,1460.26,25,46
PG4151,Substation,Karnataka,14.943817616369603,75.58318001162726,Hilly,1344.0,123,116,464,15,2,74.7,0.74,0.74,Low,67,21,11.2,1494.53,27,48
PG4152,Underground Cable,Delhi,27.302496444256022,77.42322994448466,Urban,1908.0,136,120,462,5,3,74.3,0.94,0.95,Medium,58,59,14.5,2184.66,38,97
PG4153,Substation,Uttarakhand,30.548945719894824,79.36312469979313,Urban,1399.2,136,106,345,2,6,184.0,0.88,0.7,Medium,79,23,4.9,1467.76,28,51
PG4154,Underground Cable,Tamil Nadu,11.590631166312717,78.75441422313779,Coastal,1800.0,142,117,439,4,4,105.7,0.77,0.95,Low,57,54,25.1,2251.8,36,90
PG4155,Overhead Line,Tamil Nadu,10.725921374373806,78.29485666523728,Desert,900.0,145,117,401,1,5,123.8,0.8,0.88,Medium,57,10,-5.0,855.0,18,28
PG4156,Underground Cable,Gujarat,22.87269948577272,70.95846975379155,Coastal,1800.0,137,120,371,4,0,71.6,0.76,0.89,Medium,62,0,13.3,2039.4,36,36
PG4157,Substation,Assam,27.03964523417753,92.75893453988822,Urban,1399.2,144,113,439,2,4,185.6,0.65,0.77,Low,68,58,8.5,1518.13,28,86
PG4158,Substation,Uttarakhand,30.2793407579702,78.50223017148193,Desert,1320.0,144,114,496,3,5,179.2,0.64,0.68,Medium,90,54,1.3,1337.16,26,80
PG4159,Substation,Assam,26.48747404544346,93.27889003974923,Hilly,1478.4,142,128,388,8,8,240.9,0.94,0.88,Medium,53,23,12.4,1661.72,30,53
PG4160,Overhead Line,Karnataka,14.233965021653631,75.4280584879889,Coastal,900.0,134,117,420,6,3,80.2,0.85,0.64,Medium,68,15,23.0,1107.0,18,33
PG4161,Overhead Line,Uttarakhand,29.672288038558538,79.30024075569898,Plains,990.0,152,123,402,2,4,196.3,1.0,0.62,High,79,18,10.3,1091.97,20,38
PG4162,Underground Cable,Delhi,29.10104984585311,77.1041855713933,Desert,1800.0,141,117,496,4,4,72.7,0.78,0.85,Low,52,104,18.1,2125.8,36,140
PG4163,Substation,Uttarakhand,29.50182495652812,78.94199943401173,Coastal,1320.0,121,124,398,9,6,178.2,0.82,0.81,Medium,58,36,7.9,1424.28,26,62
PG4164,Overhead Line,Gujarat,22.710522759755385,71.94220701663077,Plains,900.0,131,122,424,6,1,69.8,0.87,0.79,Medium,65,8,9.9,989.1,18,26
PG4165,Substation,Delhi,28.194147920013894,77.24925166199186,Hilly,1344.0,145,114,433,11,4,83.5,0.74,0.63,High,47,5,29.5,1740.48,27,32
PG4166,Overhead Line,Maharashtra,20.76797361462177,75.9454917567747,Hilly,1008.0,147,116,500,10,3,99.5,0.53,0.68,Low,76,11,23.2,1241.86,20,31
PG4167,Underground Cable,Tamil Nadu,10.642545358615093,78.64620628034653,Mountainous,2016.0,133,119,419,14,2,139.1,0.72,0.96,Medium,66,6,16.8,2354.69,40,46
PG4168,Substation,Uttarakhand,30.67157423424061,78.15529361871417,Urban,1399.2,141,110,347,4,6,137.3,0.63,0.76,Low,87,60,17.3,1641.26,28,88
PG4169,Substation,Delhi,28.768245383548997,76.63884307257013,Desert,1200.0,139,128,546,1,2,80.3,0.52,0.75,Medium,69,3,20.1,1441.2,24,27
PG4170,Underground Cable,Assam,26.42589224490345,93.8140228898708,Desert,1980.0,146,111,439,2,4,249.5,0.67,0.74,High,61,10,20.0,2376.0,40,50
PG4171,Underground Cable,Uttarakhand,30.026466153064906,78.24582595774038,Urban,2098.8,128,118,413,2,6,145.3,0.74,0.68,Low,49,63,8.8,2283.49,42,105
PG4172,Overhead Line,Karnataka,15.657332703719526,74.73964041931363,Desert,900.0,129,125,466,5,5,93.2,0.77,0.88,Low,67,4,-0.0,900.0,18,22
PG4173,Underground Cable,Assam,27.135669908121372,92.31857230561555,Urban,2098.8,139,132,386,3,6,179.3,0.76,0.81,Medium,67,5,23.6,2594.12,42,47
PG4174,Substation,Rajasthan,26.939005601379336,74.47450804085075,Plains,1200.0,138,116,408,3,0,24.3,0.83,1.0,Medium,79,8,24.6,1495.2,24,32
PG4175,Overhead Line,Delhi,29.03978106400028,76.69093961997818,Hilly,1008.0,139,120,479,8,3,65.1,0.7,0.9,Low,54,7,18.3,1192.46,20,27
PG4176,Overhead Line,Delhi,27.893984322280428,77.48869362592752,Urban,954.0,130,128,444,5,3,77.3,0.73,0.99,Low,69,95,12.9,1077.07,19,114
PG4177,Substation,Delhi,29.072872514905598,77.08605713006529,Desert,1200.0,129,124,556,4,4,77.2,0.52,0.96,Low,68,3,18.1,1417.2,24,27
PG4178,Underground Cable,Tamil Nadu,11.381929548947713,78.20735385608528,Desert,1800.0,140,115,443,3,2,132.9,0.7,0.84,Medium,87,21,11.8,2012.4,36,57
PG4179,Substation,Uttarakhand,29.634025285194042,78.82245979743169,Urban,1399.2,130,111,384,2,6,137.9,0.62,0.79,Medium,61,5,4.5,1462.16,28,33
PG4180,Substation,Gujarat,21.792096056602713,71.28968409204194,Coastal,1200.0,131,122,385,4,2,58.4,0.66,0.81,Low,64,8,4.7,1256.4,24,32
PG4181,Overhead Line,Karnataka,15.14306479788884,76.09406807035332,Coastal,900.0,146,119,482,6,4,107.6,0.81,0.72,Low,89,34,-5.0,855.0,18,52
PG4182,Underground Cable,Tamil Nadu,10.795768377942816,78.44996797738875,Coastal,1800.0,136,116,373,3,3,97.8,0.73,1.0,Medium,70,91,28.7,2316.6,36,127
PG4183,Substation,Maharashtra,19.635471712809853,76.71652251754558,Hilly,1344.0,143,113,508,8,3,74.0,0.71,0.78,Medium,81,10,12.7,1514.69,27,37
PG4184,Underground Cable,Maharashtra,19.720199117465775,75.51079081153877,Mountainous,2016.0,146,121,431,8,1,81.7,0.64,0.78,Low,63,33,19.7,2413.15,40,73
PG4185,Underground Cable,Karnataka,15.212374826373859,76.13110958848853,Plains,1800.0,134,124,525,2,4,92.8,0.79,0.75,Medium,74,44,-2.9,1747.8,36,80
PG4186,Substation,Uttarakhand,30.24081312230078,79.02766419144609,Mountainous,1478.4,155,116,422,9,4,163.5,0.62,0.79,High,56,118,33.6,1975.14,30,148
PG4187,Substation,Uttarakhand,30.9046696547819,78.90785850521848,Coastal,1320.0,154,118,461,3,5,176.7,0.84,0.9,Medium,62,1,11.5,1471.8,26,27
PG4188,Underground Cable,Uttarakhand,29.93665054211612,78.58301978887805,Mountainous,2217.6,133,114,460,7,3,181.6,0.85,0.94,Medium,65,44,21.7,2698.82,44,88
PG4189,Substation,Karnataka,15.380257602419912,75.07202672194938,Plains,1200.0,147,126,417,4,3,88.3,0.75,0.93,Medium,70,32,8.7,1304.4,24,56
PG4190,Substation,Uttarakhand,30.409760013060247,79.1900182326751,Desert,1320.0,150,121,447,2,5,157.7,0.86,0.88,Low,64,2,-3.7,1271.16,26,28
PG4191,Substation,Uttarakhand,30.18362971040893,78.76989990700852,Hilly,1478.4,148,120,425,8,5,199.5,0.6,0.85,Low,90,4,30.4,1927.83,30,34
PG4192,Overhead Line,Tamil Nadu,11.49697321160944,78.16788894698321,Hilly,1008.0,141,123,346,7,4,104.5,0.66,0.76,Low,46,17,29.0,1300.32,20,37
PG4193,Overhead Line,Maharashtra,20.485253732461533,75.39757948544585,Desert,900.0,142,125,476,3,2,80.1,0.67,0.78,High,70,11,12.8,1015.2,18,29
PG4194,Overhead Line,Karnataka,16.117272072848596,75.63683324716239,Desert,900.0,160,126,498,4,2,77.0,0.84,0.82,Low,78,17,8.7,978.3,18,35
PG4195,Underground Cable,Gujarat,21.418174860415398,70.26688727103773,Urban,1908.0,151,123,411,6,1,83.8,0.77,0.48,Medium,64,11,26.2,2407.9,38,49
PG4196,Overhead Line,Delhi,28.81864342638232,76.69519299311335,Mountainous,1008.0,133,121,449,11,3,78.5,0.76,0.88,High,54,33,17.5,1184.4,20,53
PG4197,Substation,Gujarat,21.90533148484803,72.03800473672844,Coastal,1200.0,143,120,368,0,1,71.8,0.67,0.67,Low,80,13,9.3,1311.6,24,37
PG4198,Substation,Rajasthan,27.34222494932145,74.22391560962272,Plains,1200.0,139,128,421,2,2,25.4,0.85,0.54,Medium,70,9,13.4,1360.8,24,33
PG4199,Overhead Line,Assam,26.722639867131278,93.09890959807583,Desert,990.0,152,128,389,4,3,250.5,0.92,0.55,Low,55,31,14.7,1135.53,20,51
PG4200,Substation,Gujarat,21.816673700039207,71.19088864977957,Plains,1200.0,155,128,454,3,2,71.4,0.58,0.71,Low,66,4,7.3,1287.6,24,28
PG4201,Underground Cable,Rajasthan,27.12714037086524,74.62371711933389,Hilly,2016.0,143,115,439,13,5,31.3,0.85,0.82,Medium,69,67,21.3,2445.41,40,107
PG4202,Substation,Gujarat,21.726023567452383,71.36640061311343,Coastal,1200.0,136,107,497,3,3,66.4,0.59,0.78,Medium,78,74,21.1,1453.2,24,98
PG4203,Overhead Line,Delhi,28.322117484513935,76.99493774718852,Desert,900.0,141,124,477,7,4,79.0,0.66,0.81,Medium,72,8,15.3,1037.7,18,26
PG4204,Substation,Maharashtra,19.779472250521813,75.77035003257821,Hilly,1344.0,141,130,553,7,3,78.2,0.81,0.69,Low,52,22,4.5,1404.48,27,49
PG4205,Overhead Line,Tamil Nadu,10.841351418748413,79.0645239863426,Desert,900.0,142,110,400,5,5,104.7,0.82,0.62,Low,78,2,12.2,1009.8,18,20
PG4206,Underground Cable,Rajasthan,27.60869225539502,73.76930782323365,Mountainous,2016.0,135,122,425,8,6,35.1,0.71,0.86,Medium,79,0,20.3,2425.25,40,40
PG4207,Overhead Line,Maharashtra,19.644883042248708,75.09545100270611,Coastal,900.0,145,121,451,1,2,97.0,0.85,0.74,Medium,66,15,1.1,909.9,18,33
PG4208,Underground Cable,Assam,25.503212905568656,93.04095763455487,Urban,2098.8,141,126,378,4,5,223.0,0.78,0.67,Medium,71,4,20.9,2537.45,42,46
PG4209,Overhead Line,Gujarat,23.369194876603544,71.05147109922453,Desert,900.0,147,120,420,2,3,61.0,0.72,0.64,High,56,1,13.8,1024.2,18,19
PG4210,Underground Cable,Tamil Nadu,11.13180575744751,79.23351890844624,Desert,1800.0,129,118,519,2,3,135.4,0.85,0.82,Low,75,12,4.1,1873.8,36,48
PG4211,Overhead Line,Assam,25.968864641550066,92.67822553171062,Plains,990.0,147,115,420,6,4,204.6,0.72,0.81,High,81,9,-5.0,940.5,20,29
PG4212,Substation,Tamil Nadu,10.649886618063537,78.55133803862002,Urban,1272.0,140,123,481,5,2,111.5,0.71,0.97,Low,83,9,14.8,1460.26,25,34
PG4213,Overhead Line,Tamil Nadu,10.793931535379382,78.5343981989581,Hilly,1008.0,123,117,455,10,4,115.0,0.63,0.78,Low,51,21,11.3,1121.9,20,41
PG4214,Overhead Line,Maharashtra,20.22152820810814,74.74561834611835,Mountainous,1008.0,161,126,413,13,3,106.0,0.55,0.84,Low,64,4,23.2,1241.86,20,24
PG4215,Substation,Delhi,30.024578933259427,76.31723144408161,Plains,1200.0,139,127,479,2,1,71.6,0.7,1.0,Medium,87,96,16.1,1393.2,24,120
PG4216,Overhead Line,Tamil Nadu,11.962477758755782,78.12528872721313,Desert,900.0,150,125,447,6,2,135.8,0.85,0.97,Medium,64,31,9.8,988.2,18,49
PG4217,Substation,Assam,25.660820741516336,92.21606897473495,Coastal,1320.0,143,128,445,5,6,205.1,0.67,0.61,Low,61,2,6.4,1404.48,26,28
PG4218,Substation,Uttarakhand,29.893213647828425,78.29170356894888,Hilly,1478.4,146,112,398,7,3,182.1,0.9,0.83,Medium,64,55,31.5,1944.1,30,85
PG4219,Substation,Gujarat,22.971124350540073,71.32050911725239,Plains,1200.0,144,123,455,3,4,60.7,0.87,0.5,Medium,64,41,5.9,1270.8,24,65
PG4220,Substation,Karnataka,15.926238977058567,76.10385168641945,Coastal,1200.0,136,119,471,3,3,86.4,0.73,0.97,Low,84,7,2.8,1233.6,24,31
PG4221,Underground Cable,Tamil Nadu,10.47672517060826,77.85388994046498,Plains,1800.0,135,127,362,5,3,103.8,0.81,0.93,High,80,12,3.8,1868.4,36,48
PG4222,Underground Cable,Maharashtra,19.598363269820627,74.51652161103948,Coastal,1800.0,143,126,436,3,2,103.0,0.68,0.77,Medium,82,9,14.5,2061.0,36,45
PG4223,Overhead Line,Gujarat,22.5738817318781,71.73315935014556,Coastal,900.0,152,125,385,8,3,82.5,0.69,0.97,High,60,2,27.7,1149.3,18,20
PG4224,Overhead Line,Gujarat,22.048066306915306,71.27808221002101,Mountainous,1008.0,132,117,426,11,3,63.5,0.81,0.93,Medium,67,4,9.2,1100.74,20,24
PG4225,Underground Cable,Delhi,29.014984308317587,77.45427042218115,Hilly,2016.0,147,130,518,8,2,70.9,0.7,0.6,Low,65,3,30.9,2638.94,40,43
PG4226,Substation,Maharashtra,20.171917206259778,75.43178983327856,Hilly,1344.0,143,127,396,10,4,96.5,0.92,0.51,Medium,63,6,8.7,1460.93,27,33
PG4227,Underground Cable,Karnataka,15.053329948292545,76.05577850032182,Desert,1800.0,151,121,522,4,8,79.8,0.63,0.65,Low,75,5,5.1,1891.8,36,41
PG4228,Substation,Tamil Nadu,10.528499493063524,78.33463866426489,Desert,1200.0,139,114,361,5,1,102.7,0.74,0.9,Low,85,71,7.6,1291.2,24,95
PG4229,Underground Cable,Delhi,28.18901904925587,76.93764104299053,Hilly,2016.0,128,138,493,8,3,85.2,0.71,0.84,High,77,19,32.6,2673.22,40,59
PG4230,Overhead Line,Delhi,28.53171833216842,77.24739162728785,Coastal,900.0,141,125,435,4,6,95.2,0.63,0.73,Low,75,12,-5.0,855.0,18,30
PG4231,Overhead Line,Gujarat,22.281133368122024,71.01916299501308,Urban,954.0,148,115,402,5,1,64.0,0.82,0.68,Low,63,6,16.6,1112.36,19,25
PG4232,Underground Cable,Maharashtra,19.284278416674585,76.152918090931,Urban,1908.0,137,127,427,3,6,90.3,0.64,0.74,Medium,70,37,7.5,2051.1,38,75
PG4233,Substation,Karnataka,15.564802080122172,75.44396191233022,Hilly,1344.0,136,116,507,12,0,106.3,0.62,0.87,Medium,69,20,20.9,1624.9,27,47
PG4234,Underground Cable,Rajasthan,26.861438553431615,74.2593687806595,Plains,1800.0,157,125,393,0,2,27.9,0.91,0.67,Low,73,14,22.8,2210.4,36,50
PG4235,Substation,Gujarat,23.151334253924688,71.36323205675961,Coastal,1200.0,150,116,404,4,2,73.3,0.77,0.73,Medium,89,4,13.2,1358.4,24,28
PG4236,Substation,Delhi,27.948314661950306,76.31838954230943,Plains,1200.0,140,114,444,1,4,83.3,1.0,0.64,Medium,74,7,25.2,1502.4,24,31
PG4237,Overhead Line,Rajasthan,27.174423545365222,74.19989370034756,Urban,954.0,133,115,434,3,2,28.4,0.67,0.93,High,73,7,27.1,1212.53,19,26
PG4238,Substation,Gujarat,22.435140681272355,71.24709361982579,Desert,1200.0,146,128,373,3,4,64.1,0.71,0.56,High,86,23,18.5,1422.0,24,47
PG4239,Overhead Line,Gujarat,21.630732913565634,70.92119598777877,Coastal,900.0,144,104,356,3,4,71.4,0.72,0.67,Low,64,7,14.0,1026.0,18,25
PG4240,Underground Cable,Delhi,28.939738411589186,77.12106104411872,Hilly,2016.0,138,122,508,11,1,64.2,0.78,0.74,Low,70,25,21.0,2439.36,40,65
PG4241,Substation,Delhi,28.343345743861533,77.2318343586963,Mountainous,1344.0,142,124,499,11,4,69.3,0.9,0.73,High,62,73,24.5,1673.28,27,100
PG4242,Substation,Uttarakhand,30.6861857305672,79.0279872366482,Desert,1320.0,149,121,440,2,4,182.3,0.67,0.67,Medium,60,69,9.0,1438.8,26,95
PG4243,Overhead Line,Uttarakhand,30.119338906001058,78.50971227709131,Urban,1049.4,132,128,444,4,4,198.1,0.67,0.96,Low,65,12,15.6,1213.11,21,33
PG4244,Underground Cable,Uttarakhand,30.655009987627906,80.21557832098404,Mountainous,2217.6,144,122,407,9,2,145.2,0.7,0.93,Low,64,31,13.3,2512.54,44,75
PG4245,Underground Cable,Rajasthan,27.63339242014622,74.76328673617024,Plains,1800.0,135,125,435,3,4,32.7,0.82,0.88,High,53,24,16.1,2089.8,36,60
PG4246,Underground Cable,Gujarat,20.945125702280773,71.58925408888747,Hilly,2016.0,147,123,413,10,1,65.4,0.9,0.92,Medium,64,1,-3.0,1955.52,40,41
PG4247,Substation,Karnataka,15.726275157032369,75.79479549943986,Urban,1272.0,150,128,479,7,2,100.4,0.85,0.77,Medium,64,37,17.8,1498.42,25,62
PG4248,Underground Cable,Karnataka,13.899899236309258,74.91805272745862,Urban,1908.0,137,122,516,5,1,92.2,0.63,0.81,Medium,77,28,6.0,2022.48,38,66
PG4249,Underground Cable,Gujarat,22.46708406888668,71.67330095461897,Plains,1800.0,148,116,472,2,6,61.1,0.8,0.65,Medium,51,5,10.5,1989.0,36,41
PG4250,Overhead Line,Tamil Nadu,11.465329422142101,77.43351345263002,Hilly,1008.0,126,119,434,8,2,142.5,0.95,0.9,Medium,93,85,18.3,1192.46,20,105
PG4251,Underground Cable,Maharashtra,20.666276619467602,75.18607326969786,Mountainous,2016.0,146,119,514,12,1,102.6,0.76,0.95,Medium,81,115,36.4,2749.82,40,155
PG4252,Substation,Karnataka,15.610126580532091,76.90920176455653,Urban,1272.0,146,126,445,5,1,107.7,0.71,0.75,Low,78,57,11.9,1423.37,25,82
PG4253,Underground Cable,Delhi,27.873464348744665,77.29096900074447,Plains,1800.0,133,112,447,1,5,87.1,0.6,0.52,Medium,60,0,5.1,1891.8,36,36
PG4254,Substation,Tamil Nadu,11.455536996327746,78.72200634705663,Mountainous,1344.0,130,113,423,10,4,120.0,0.65,0.92,High,59,14,18.4,1591.3,27,41
PG4255,Underground Cable,Tamil Nadu,11.884723168325426,79.77917899716167,Plains,1800.0,134,112,326,5,2,98.8,0.78,0.88,Low,80,7,6.2,1911.6,36,43
PG4256,Substation,Tamil Nadu,11.567383730598369,79.54946195300035,Plains,1200.0,145,120,409,7,2,114.2,0.8,0.86,Medium,60,22,7.3,1287.6,24,46
PG4257,Underground Cable,Karnataka,15.313747601093036,76.1268665265793,Coastal,1800.0,143,127,445,6,4,77.0,0.68,0.94,High,74,0,14.6,2062.8,36,36
PG4258,Underground Cable,Assam,26.08997910995624,92.60441035828288,Plains,1980.0,141,109,362,5,6,197.0,0.86,0.79,Medium,78,105,17.9,2334.42,40,145
PG4259,Substation,Uttarakhand,30.157787427091552,79.29867597997827,Hilly,1478.4,148,122,422,9,7,148.2,0.63,0.75,High,72,14,26.5,1870.18,30,44
PG4260,Substation,Assam,26.223284863222435,93.1396708027175,Mountainous,1478.4,145,121,378,7,5,222.0,0.88,0.85,Medium,60,2,8.6,1605.54,30,32
PG4261,Underground Cable,Rajasthan,27.8989011617777,74.21766929532347,Urban,1908.0,136,116,437,2,4,31.4,0.73,0.73,Medium,92,38,21.3,2314.4,38,76
PG4262,Underground Cable,Assam,25.684409598905123,92.74756391970094,Coastal,1980.0,150,128,389,6,3,201.0,0.88,0.54,Low,35,30,23.9,2453.22,40,70
PG4263,Overhead Line,Rajasthan,25.721894220394574,74.08165034346639,Desert,900.0,141,123,363,7,3,33.4,0.94,0.74,Medium,88,20,8.8,979.2,18,38
PG4264,Overhead Line,Delhi,28.860409009790907,77.9376691886885,Desert,900.0,142,120,433,1,2,80.2,0.72,0.83,Medium,73,50,5.3,947.7,18,68
PG4265,Overhead Line,Delhi,28.889821919005236,76.95397917496584,Desert,900.0,138,119,530,1,2,89.9,0.72,0.91,Medium,84,15,23.2,1108.8,18,33
PG4266,Underground Cable,Rajasthan,26.415660638519128,73.85213826025306,Coastal,1800.0,147,129,407,3,8,25.6,0.84,0.77,Low,60,4,6.5,1917.0,36,40
PG4267,Underground Cable,Uttarakhand,30.84098725213375,78.82424345827438,Desert,1980.0,155,120,459,3,5,175.4,0.57,0.83,Low,66,74,6.4,2106.72,40,114
PG4268,Overhead Line,Rajasthan,26.860655122112874,73.60375323735649,Mountainous,1008.0,147,119,417,7,2,27.5,0.83,0.65,Medium,66,9,11.2,1120.9,20,29
PG4269,Overhead Line,Assam,25.877912443999772,93.03702190574376,Coastal,990.0,139,125,417,4,5,203.7,0.76,0.87,Medium,59,5,9.8,1087.02,20,25
PG4270,Substation,Tamil Nadu,11.301421603759126,78.35359481674016,Desert,1200.0,138,128,388,5,4,112.4,0.8,0.61,Low,70,76,5.9,1270.8,24,100
PG4271,Substation,Gujarat,21.933310901763495,71.10971237855539,Mountainous,1344.0,150,121,375,7,2,66.3,0.68,0.85,Medium,68,42,24.0,1666.56,27,69
PG4272,Underground Cable,Maharashtra,19.914244450631664,76.32960149684685,Coastal,1800.0,155,124,528,4,7,84.2,0.72,0.66,Low,70,2,5.2,1893.6,36,38
PG4273,Overhead Line,Uttarakhand,29.90686925649335,78.11500314164041,Mountainous,1108.8,148,115,413,6,8,188.7,0.61,0.63,High,50,59,28.1,1420.37,22,81
PG4274,Substation,Uttarakhand,30.673411116608694,78.40606170720382,Plains,1320.0,141,122,481,5,5,193.7,0.53,0.6,High,79,11,5.1,1387.32,26,37
PG4275,Underground Cable,Uttarakhand,30.864612503337995,79.10311603882339,Urban,2098.8,156,113,385,1,5,187.8,0.91,0.9,Low,67,28,6.9,2243.62,42,70
PG4276,Substation,Delhi,28.997811281866106,76.46749074852299,Plains,1200.0,147,115,523,3,1,92.0,0.69,0.73,Low,58,18,31.3,1575.6,24,42
PG4277,Overhead Line,Gujarat,22.52559511198156,71.76552676047777,Coastal,900.0,151,120,444,3,4,75.6,0.67,0.88,Low,90,22,19.9,1079.1,18,40
PG4278,Substation,Gujarat,21.995868958764742,70.8651066781078,Plains,1200.0,146,120,446,9,1,79.8,0.85,0.64,High,64,60,14.0,1368.0,24,84
PG4279,Substation,Tamil Nadu,12.297413629465721,79.17228879056009,Coastal,1200.0,145,108,372,3,7,107.7,0.66,0.79,Medium,68,46,10.6,1327.2,24,70
PG4280,Underground Cable,Rajasthan,28.05788414278565,73.884452120035,Desert,1800.0,137,131,431,5,3,29.4,0.63,0.88,Medium,73,52,17.5,2115.0,36,88
PG4281,Underground Cable,Assam,25.951703072459267,92.79837355392468,Hilly,2217.6,131,119,468,9,6,194.4,0.67,0.82,High,53,20,20.3,2667.77,44,64
PG4282,Substation,Tamil Nadu,11.489455539406451,78.73638982998908,Hilly,1344.0,134,126,416,10,5,130.8,0.92,0.9,Low,62,10,5.6,1419.26,27,37
PG4283,Overhead Line,Gujarat,22.424126142806607,72.02558222285819,Desert,900.0,138,125,334,6,4,58.6,0.59,1.0,High,67,73,21.1,1089.9,18,91
PG4284,Overhead Line,Delhi,29.069966520189638,75.98508898232004,Urban,954.0,153,128,497,6,6,78.0,0.69,0.86,Low,90,5,22.8,1171.51,19,24
PG4285,Underground Cable,Rajasthan,26.553377427978806,74.54335128942571,Coastal,1800.0,136,123,497,3,3,33.7,0.58,0.69,High,79,4,18.3,2129.4,36,40
PG4286,Overhead Line,Uttarakhand,29.960847397215794,78.72914934403315,Urban,1049.4,144,104,364,3,3,163.5,0.7,0.89,Medium,63,0,5.2,1103.97,21,21
PG4287,Substation,Delhi,28.441948102527473,77.2470759744642,Urban,1272.0,135,119,464,7,4,82.2,0.58,0.94,Medium,58,4,10.4,1404.29,25,29
PG4288,Substation,Tamil Nadu,11.294617951119015,79.11775192608525,Urban,1272.0,138,120,372,5,2,118.5,0.63,0.77,Low,85,9,-2.2,1244.02,25,34
PG4289,Overhead Line,Maharashtra,20.189961908326815,76.1018961840616,Plains,900.0,136,123,452,2,5,87.1,0.78,0.88,Medium,76,9,14.7,1032.3,18,27
PG4290,Underground Cable,Karnataka,15.518395145818,75.53407588612968,Mountainous,2016.0,127,124,404,7,10,105.7,0.76,0.88,Low,63,6,32.6,2673.22,40,46
PG4291,Overhead Line,Uttarakhand,30.571755346791264,78.52382112658974,Desert,990.0,142,123,359,4,6,152.6,0.94,0.86,Medium,34,22,19.4,1182.06,20,42
PG4292,Overhead Line,Delhi,29.308296086537858,77.15796762423365,Hilly,1008.0,147,121,438,10,1,81.4,0.68,0.74,Low,74,6,24.6,1255.97,20,26
PG4293,Substation,Maharashtra,19.34336550309943,76.43140121183158,Urban,1272.0,142,129,489,2,2,95.7,1.0,0.7,High,93,19,4.8,1333.06,25,44
PG4294,Underground Cable,Uttarakhand,29.64018156277103,79.42576906434934,Coastal,1980.0,145,112,464,4,5,181.0,0.55,0.74,Medium,60,7,4.8,2075.04,40,47
PG4295,Substation,Delhi,28.98717787263332,77.02103995941881,Hilly,1344.0,140,107,481,10,2,92.2,0.66,0.65,Medium,78,4,20.3,1616.83,27,31
PG4296,Substation,Delhi,28.72069842483124,76.71973231500937,Plains,1200.0,139,117,544,3,3,91.3,0.83,0.94,Medium,76,2,7.8,1293.6,24,26
PG4297,Overhead Line,Rajasthan,27.301517142109354,75.47981786021454,Coastal,900.0,128,119,429,6,2,27.5,0.83,0.67,Medium,65,15,7.4,966.6,18,33
PG4298,Underground Cable,Rajasthan,27.831710059789124,73.45671488570152,Desert,1800.0,131,117,388,5,2,27.2,0.49,0.91,Medium,76,4,22.5,2205.0,36,40
PG4299,Overhead Line,Maharashtra,21.141715679607234,75.64345965771392,Mountainous,1008.0,136,119,399,10,1,84.7,0.6,0.63,Medium,56,0,25.0,1260.0,20,20
